Model_Feature_Index,Feature_Name
0,aa_000
1,ab_000
2,ac_000
3,ad_000
4,ae_000
5,af_000
6,ag_000
7,ag_001
8,ag_002
9,ag_003
10,ag_004
11,ag_005
12,ag_006
13,ag_007
14,ag_008
15,ag_009
16,ah_000
17,ai_000
18,aj_000
19,ak_000
20,al_000
21,am_0
22,an_000
23,ao_000
24,ap_000
25,aq_000
26,ar_000
27,as_000
28,at_000
29,au_000
30,av_000
31,ax_000
32,ay_000
33,ay_001
34,ay_002
35,ay_003
36,ay_004
37,ay_005
38,ay_006
39,ay_007
40,ay_008
41,ay_009
42,az_000
43,az_001
44,az_002
45,az_003
46,az_004
47,az_005
48,az_006
49,az_007
50,az_008
51,az_009
52,ba_000
53,ba_001
54,ba_002
55,ba_003
56,ba_004
57,ba_005
58,ba_006
59,ba_007
60,ba_008
61,ba_009
62,bb_000
63,bc_000
64,bd_000
65,be_000
66,bf_000
67,bg_000
68,bh_000
69,bi_000
70,bj_000
71,bk_000
72,bl_000
73,bm_000
74,bn_000
75,bo_000
76,bp_000
77,bs_000
78,bt_000
79,bu_000
80,bv_000
81,bx_000
82,by_000
83,bz_000
84,ca_000
85,cb_000
86,cc_000
87,ce_000
88,cf_000
89,cg_000
90,ch_000
91,ci_000
92,cj_000
93,ck_000
94,cl_000
95,cm_000
96,cn_000
97,cn_001
98,cn_002
99,cn_003
100,cn_004
101,cn_005
102,cn_006
103,cn_007
104,cn_008
105,cn_009
106,co_000
107,cp_000
108,cq_000
109,cr_000
110,cs_000
111,cs_001
112,cs_002
113,cs_003
114,cs_004
115,cs_005
116,cs_006
117,cs_007
118,cs_008
119,cs_009
120,ct_000
121,cu_000
122,cv_000
123,cx_000
124,cy_000
125,cz_000
126,da_000
127,db_000
128,dc_000
129,dd_000
130,de_000
131,df_000
132,dg_000
133,dh_000
134,di_000
135,dj_000
136,dk_000
137,dl_000
138,dm_000
139,dn_000
140,do_000
141,dp_000
142,dq_000
143,dr_000
144,ds_000
145,dt_000
146,du_000
147,dv_000
148,dx_000
149,dy_000
150,dz_000
151,ea_000
152,eb_000
153,ec_00
154,ed_000
155,ee_000
156,ee_001
157,ee_002
158,ee_003
159,ee_004
160,ee_005
161,ee_006
162,ee_007
163,ee_008
164,ee_009
165,ef_000
166,eg_000
167,missingindicator_ab_000
168,missingindicator_ac_000
169,missingindicator_ad_000
170,missingindicator_ae_000
171,missingindicator_af_000
172,missingindicator_ag_000
173,missingindicator_ag_001
174,missingindicator_ag_002
175,missingindicator_ag_003
176,missingindicator_ag_004
177,missingindicator_ag_005
178,missingindicator_ag_006
179,missingindicator_ag_007
180,missingindicator_ag_008
181,missingindicator_ag_009
182,missingindicator_ah_000
183,missingindicator_ai_000
184,missingindicator_aj_000
185,missingindicator_ak_000
186,missingindicator_al_000
187,missingindicator_am_0
188,missingindicator_an_000
189,missingindicator_ao_000
190,missingindicator_ap_000
191,missingindicator_aq_000
192,missingindicator_ar_000
193,missingindicator_as_000
194,missingindicator_at_000
195,missingindicator_au_000
196,missingindicator_av_000
197,missingindicator_ax_000
198,missingindicator_ay_000
199,missingindicator_ay_001
200,missingindicator_ay_002
201,missingindicator_ay_003
202,missingindicator_ay_004
203,missingindicator_ay_005
204,missingindicator_ay_006
205,missingindicator_ay_007
206,missingindicator_ay_008
207,missingindicator_ay_009
208,missingindicator_az_000
209,missingindicator_az_001
210,missingindicator_az_002
211,missingindicator_az_003
212,missingindicator_az_004
213,missingindicator_az_005
214,missingindicator_az_006
215,missingindicator_az_007
216,missingindicator_az_008
217,missingindicator_az_009
218,missingindicator_ba_000
219,missingindicator_ba_001
220,missingindicator_ba_002
221,missingindicator_ba_003
222,missingindicator_ba_004
223,missingindicator_ba_005
224,missingindicator_ba_006
225,missingindicator_ba_007
226,missingindicator_ba_008
227,missingindicator_ba_009
228,missingindicator_bb_000
229,missingindicator_bc_000
230,missingindicator_bd_000
231,missingindicator_be_000
232,missingindicator_bf_000
233,missingindicator_bg_000
234,missingindicator_bh_000
235,missingindicator_bi_000
236,missingindicator_bj_000
237,missingindicator_bk_000
238,missingindicator_bl_000
239,missingindicator_bm_000
240,missingindicator_bn_000
241,missingindicator_bo_000
242,missingindicator_bp_000
243,missingindicator_bs_000
244,missingindicator_bt_000
245,missingindicator_bu_000
246,missingindicator_bv_000
247,missingindicator_bx_000
248,missingindicator_by_000
249,missingindicator_bz_000
250,missingindicator_ca_000
251,missingindicator_cb_000
252,missingindicator_cc_000
253,missingindicator_cd_000
254,missingindicator_ce_000
255,missingindicator_cf_000
256,missingindicator_cg_000
257,missingindicator_ch_000
258,missingindicator_ci_000
259,missingindicator_cj_000
260,missingindicator_ck_000
261,missingindicator_cl_000
262,missingindicator_cm_000
263,missingindicator_cn_000
264,missingindicator_cn_001
265,missingindicator_cn_002
266,missingindicator_cn_003
267,missingindicator_cn_004
268,missingindicator_cn_005
269,missingindicator_cn_006
270,missingindicator_cn_007
271,missingindicator_cn_008
272,missingindicator_cn_009
273,missingindicator_co_000
274,missingindicator_cp_000
275,missingindicator_cq_000
276,missingindicator_cr_000
277,missingindicator_cs_000
278,missingindicator_cs_001
279,missingindicator_cs_002
280,missingindicator_cs_003
281,missingindicator_cs_004
282,missingindicator_cs_005
283,missingindicator_cs_006
284,missingindicator_cs_007
285,missingindicator_cs_008
286,missingindicator_cs_009
287,missingindicator_ct_000
288,missingindicator_cu_000
289,missingindicator_cv_000
290,missingindicator_cx_000
291,missingindicator_cy_000
292,missingindicator_cz_000
293,missingindicator_da_000
294,missingindicator_db_000
295,missingindicator_dc_000
296,missingindicator_dd_000
297,missingindicator_de_000
298,missingindicator_df_000
299,missingindicator_dg_000
300,missingindicator_dh_000
301,missingindicator_di_000
302,missingindicator_dj_000
303,missingindicator_dk_000
304,missingindicator_dl_000
305,missingindicator_dm_000
306,missingindicator_dn_000
307,missingindicator_do_000
308,missingindicator_dp_000
309,missingindicator_dq_000
310,missingindicator_dr_000
311,missingindicator_ds_000
312,missingindicator_dt_000
313,missingindicator_du_000
314,missingindicator_dv_000
315,missingindicator_dx_000
316,missingindicator_dy_000
317,missingindicator_dz_000
318,missingindicator_ea_000
319,missingindicator_eb_000
320,missingindicator_ec_00
321,missingindicator_ed_000
322,missingindicator_ee_000
323,missingindicator_ee_001
324,missingindicator_ee_002
325,missingindicator_ee_003
326,missingindicator_ee_004
327,missingindicator_ee_005
328,missingindicator_ee_006
329,missingindicator_ee_007
330,missingindicator_ee_008
331,missingindicator_ee_009
332,missingindicator_ef_000
333,missingindicator_eg_000
