Risk_Rank,Observation_ID,Risk_Score,Risk_Category,Priority_Level,Recommended_Action,Review_Status,Operational_Response,Planning_Response,Evidence_To_Check,Action_Rationale,Decision_Owner,Human_Approval_Required,Autonomous_Control,Risk_Score_Pct,Risk_Band_Order,Priority_Order,Human_Review_Flag,Autonomous_Control_Flag
1,UCI_TEST_06259,0.98,Critical,P1,Immediate technical review / inspection,Human review required,Escalate to responsible maintenance/operations lead; validate condition and arrange immediate inspection.,Create or prioritize a maintenance work item after human validation; consider restricting non-essential use only when separately authorized.,"Recent alarms/alerts, operating condition indicators, maintenance history, outstanding defects, recent abnormal events.",Highest-risk band requires immediate human-led validation and inspection.,Maintenance/Operations responsible person,Yes,No,98.0,1,1,1,0
2,UCI_TEST_03582,0.979276016226202,Critical,P1,Immediate technical review / inspection,Human review required,Escalate to responsible maintenance/operations lead; validate condition and arrange immediate inspection.,Create or prioritize a maintenance work item after human validation; consider restricting non-essential use only when separately authorized.,"Recent alarms/alerts, operating condition indicators, maintenance history, outstanding defects, recent abnormal events.",Highest-risk band requires immediate human-led validation and inspection.,Maintenance/Operations responsible person,Yes,No,97.9276016226202,1,1,1,0
3,UCI_TEST_09397,0.9788067706143044,Critical,P1,Immediate technical review / inspection,Human review required,Escalate to responsible maintenance/operations lead; validate condition and arrange immediate inspection.,Create or prioritize a maintenance work item after human validation; consider restricting non-essential use only when separately authorized.,"Recent alarms/alerts, operating condition indicators, maintenance history, outstanding defects, recent abnormal events.",Highest-risk band requires immediate human-led validation and inspection.,Maintenance/Operations responsible person,Yes,No,97.88067706143045,1,1,1,0
4,UCI_TEST_13605,0.9730274926676742,Critical,P1,Immediate technical review / inspection,Human review required,Escalate to responsible maintenance/operations lead; validate condition and arrange immediate inspection.,Create or prioritize a maintenance work item after human validation; consider restricting non-essential use only when separately authorized.,"Recent alarms/alerts, operating condition indicators, maintenance history, outstanding defects, recent abnormal events.",Highest-risk band requires immediate human-led validation and inspection.,Maintenance/Operations responsible person,Yes,No,97.30274926676742,1,1,1,0
5,UCI_TEST_03894,0.9730067777777776,Critical,P1,Immediate technical review / inspection,Human review required,Escalate to responsible maintenance/operations lead; validate condition and arrange immediate inspection.,Create or prioritize a maintenance work item after human validation; consider restricting non-essential use only when separately authorized.,"Recent alarms/alerts, operating condition indicators, maintenance history, outstanding defects, recent abnormal events.",Highest-risk band requires immediate human-led validation and inspection.,Maintenance/Operations responsible person,Yes,No,97.30067777777775,1,1,1,0
6,UCI_TEST_15417,0.9720844895214312,Critical,P1,Immediate technical review / inspection,Human review required,Escalate to responsible maintenance/operations lead; validate condition and arrange immediate inspection.,Create or prioritize a maintenance work item after human validation; consider restricting non-essential use only when separately authorized.,"Recent alarms/alerts, operating condition indicators, maintenance history, outstanding defects, recent abnormal events.",Highest-risk band requires immediate human-led validation and inspection.,Maintenance/Operations responsible person,Yes,No,97.20844895214313,1,1,1,0
7,UCI_TEST_04406,0.9717452633745404,Critical,P1,Immediate technical review / inspection,Human review required,Escalate to responsible maintenance/operations lead; validate condition and arrange immediate inspection.,Create or prioritize a maintenance work item after human validation; consider restricting non-essential use only when separately authorized.,"Recent alarms/alerts, operating condition indicators, maintenance history, outstanding defects, recent abnormal events.",Highest-risk band requires immediate human-led validation and inspection.,Maintenance/Operations responsible person,Yes,No,97.17452633745404,1,1,1,0
8,UCI_TEST_13330,0.9660776022692278,Critical,P1,Immediate technical review / inspection,Human review required,Escalate to responsible maintenance/operations lead; validate condition and arrange immediate inspection.,Create or prioritize a maintenance work item after human validation; consider restricting non-essential use only when separately authorized.,"Recent alarms/alerts, operating condition indicators, maintenance history, outstanding defects, recent abnormal events.",Highest-risk band requires immediate human-led validation and inspection.,Maintenance/Operations responsible person,Yes,No,96.60776022692278,1,1,1,0
9,UCI_TEST_13249,0.965482391290218,Critical,P1,Immediate technical review / inspection,Human review required,Escalate to responsible maintenance/operations lead; validate condition and arrange immediate inspection.,Create or prioritize a maintenance work item after human validation; consider restricting non-essential use only when separately authorized.,"Recent alarms/alerts, operating condition indicators, maintenance history, outstanding defects, recent abnormal events.",Highest-risk band requires immediate human-led validation and inspection.,Maintenance/Operations responsible person,Yes,No,96.5482391290218,1,1,1,0
10,UCI_TEST_04368,0.9590564660652244,Critical,P1,Immediate technical review / inspection,Human review required,Escalate to responsible maintenance/operations lead; validate condition and arrange immediate inspection.,Create or prioritize a maintenance work item after human validation; consider restricting non-essential use only when separately authorized.,"Recent alarms/alerts, operating condition indicators, maintenance history, outstanding defects, recent abnormal events.",Highest-risk band requires immediate human-led validation and inspection.,Maintenance/Operations responsible person,Yes,No,95.90564660652244,1,1,1,0
11,UCI_TEST_02801,0.952796888210183,Critical,P1,Immediate technical review / inspection,Human review required,Escalate to responsible maintenance/operations lead; validate condition and arrange immediate inspection.,Create or prioritize a maintenance work item after human validation; consider restricting non-essential use only when separately authorized.,"Recent alarms/alerts, operating condition indicators, maintenance history, outstanding defects, recent abnormal events.",Highest-risk band requires immediate human-led validation and inspection.,Maintenance/Operations responsible person,Yes,No,95.27968882101831,1,1,1,0
12,UCI_TEST_00435,0.9513397471018954,Critical,P1,Immediate technical review / inspection,Human review required,Escalate to responsible maintenance/operations lead; validate condition and arrange immediate inspection.,Create or prioritize a maintenance work item after human validation; consider restricting non-essential use only when separately authorized.,"Recent alarms/alerts, operating condition indicators, maintenance history, outstanding defects, recent abnormal events.",Highest-risk band requires immediate human-led validation and inspection.,Maintenance/Operations responsible person,Yes,No,95.13397471018953,1,1,1,0
13,UCI_TEST_06982,0.950925225206926,Critical,P1,Immediate technical review / inspection,Human review required,Escalate to responsible maintenance/operations lead; validate condition and arrange immediate inspection.,Create or prioritize a maintenance work item after human validation; consider restricting non-essential use only when separately authorized.,"Recent alarms/alerts, operating condition indicators, maintenance history, outstanding defects, recent abnormal events.",Highest-risk band requires immediate human-led validation and inspection.,Maintenance/Operations responsible person,Yes,No,95.0925225206926,1,1,1,0
14,UCI_TEST_01129,0.9456623198915778,Critical,P1,Immediate technical review / inspection,Human review required,Escalate to responsible maintenance/operations lead; validate condition and arrange immediate inspection.,Create or prioritize a maintenance work item after human validation; consider restricting non-essential use only when separately authorized.,"Recent alarms/alerts, operating condition indicators, maintenance history, outstanding defects, recent abnormal events.",Highest-risk band requires immediate human-led validation and inspection.,Maintenance/Operations responsible person,Yes,No,94.56623198915779,1,1,1,0
15,UCI_TEST_01278,0.945557929639948,Critical,P1,Immediate technical review / inspection,Human review required,Escalate to responsible maintenance/operations lead; validate condition and arrange immediate inspection.,Create or prioritize a maintenance work item after human validation; consider restricting non-essential use only when separately authorized.,"Recent alarms/alerts, operating condition indicators, maintenance history, outstanding defects, recent abnormal events.",Highest-risk band requires immediate human-led validation and inspection.,Maintenance/Operations responsible person,Yes,No,94.5557929639948,1,1,1,0
16,UCI_TEST_15299,0.9450186450120204,Critical,P1,Immediate technical review / inspection,Human review required,Escalate to responsible maintenance/operations lead; validate condition and arrange immediate inspection.,Create or prioritize a maintenance work item after human validation; consider restricting non-essential use only when separately authorized.,"Recent alarms/alerts, operating condition indicators, maintenance history, outstanding defects, recent abnormal events.",Highest-risk band requires immediate human-led validation and inspection.,Maintenance/Operations responsible person,Yes,No,94.50186450120204,1,1,1,0
17,UCI_TEST_10760,0.9448807011140518,Critical,P1,Immediate technical review / inspection,Human review required,Escalate to responsible maintenance/operations lead; validate condition and arrange immediate inspection.,Create or prioritize a maintenance work item after human validation; consider restricting non-essential use only when separately authorized.,"Recent alarms/alerts, operating condition indicators, maintenance history, outstanding defects, recent abnormal events.",Highest-risk band requires immediate human-led validation and inspection.,Maintenance/Operations responsible person,Yes,No,94.48807011140518,1,1,1,0
18,UCI_TEST_12135,0.939559420722405,Critical,P1,Immediate technical review / inspection,Human review required,Escalate to responsible maintenance/operations lead; validate condition and arrange immediate inspection.,Create or prioritize a maintenance work item after human validation; consider restricting non-essential use only when separately authorized.,"Recent alarms/alerts, operating condition indicators, maintenance history, outstanding defects, recent abnormal events.",Highest-risk band requires immediate human-led validation and inspection.,Maintenance/Operations responsible person,Yes,No,93.95594207224049,1,1,1,0
19,UCI_TEST_03423,0.9390582897979566,Critical,P1,Immediate technical review / inspection,Human review required,Escalate to responsible maintenance/operations lead; validate condition and arrange immediate inspection.,Create or prioritize a maintenance work item after human validation; consider restricting non-essential use only when separately authorized.,"Recent alarms/alerts, operating condition indicators, maintenance history, outstanding defects, recent abnormal events.",Highest-risk band requires immediate human-led validation and inspection.,Maintenance/Operations responsible person,Yes,No,93.90582897979566,1,1,1,0
20,UCI_TEST_13852,0.9324479259165406,Critical,P1,Immediate technical review / inspection,Human review required,Escalate to responsible maintenance/operations lead; validate condition and arrange immediate inspection.,Create or prioritize a maintenance work item after human validation; consider restricting non-essential use only when separately authorized.,"Recent alarms/alerts, operating condition indicators, maintenance history, outstanding defects, recent abnormal events.",Highest-risk band requires immediate human-led validation and inspection.,Maintenance/Operations responsible person,Yes,No,93.24479259165406,1,1,1,0
21,UCI_TEST_11829,0.9323929175179057,Critical,P1,Immediate technical review / inspection,Human review required,Escalate to responsible maintenance/operations lead; validate condition and arrange immediate inspection.,Create or prioritize a maintenance work item after human validation; consider restricting non-essential use only when separately authorized.,"Recent alarms/alerts, operating condition indicators, maintenance history, outstanding defects, recent abnormal events.",Highest-risk band requires immediate human-led validation and inspection.,Maintenance/Operations responsible person,Yes,No,93.23929175179056,1,1,1,0
22,UCI_TEST_04269,0.931442743257068,Critical,P1,Immediate technical review / inspection,Human review required,Escalate to responsible maintenance/operations lead; validate condition and arrange immediate inspection.,Create or prioritize a maintenance work item after human validation; consider restricting non-essential use only when separately authorized.,"Recent alarms/alerts, operating condition indicators, maintenance history, outstanding defects, recent abnormal events.",Highest-risk band requires immediate human-led validation and inspection.,Maintenance/Operations responsible person,Yes,No,93.1442743257068,1,1,1,0
23,UCI_TEST_14996,0.925301285676716,Critical,P1,Immediate technical review / inspection,Human review required,Escalate to responsible maintenance/operations lead; validate condition and arrange immediate inspection.,Create or prioritize a maintenance work item after human validation; consider restricting non-essential use only when separately authorized.,"Recent alarms/alerts, operating condition indicators, maintenance history, outstanding defects, recent abnormal events.",Highest-risk band requires immediate human-led validation and inspection.,Maintenance/Operations responsible person,Yes,No,92.5301285676716,1,1,1,0
24,UCI_TEST_05634,0.9248471732069494,Critical,P1,Immediate technical review / inspection,Human review required,Escalate to responsible maintenance/operations lead; validate condition and arrange immediate inspection.,Create or prioritize a maintenance work item after human validation; consider restricting non-essential use only when separately authorized.,"Recent alarms/alerts, operating condition indicators, maintenance history, outstanding defects, recent abnormal events.",Highest-risk band requires immediate human-led validation and inspection.,Maintenance/Operations responsible person,Yes,No,92.48471732069494,1,1,1,0
25,UCI_TEST_12965,0.9246792721340156,Critical,P1,Immediate technical review / inspection,Human review required,Escalate to responsible maintenance/operations lead; validate condition and arrange immediate inspection.,Create or prioritize a maintenance work item after human validation; consider restricting non-essential use only when separately authorized.,"Recent alarms/alerts, operating condition indicators, maintenance history, outstanding defects, recent abnormal events.",Highest-risk band requires immediate human-led validation and inspection.,Maintenance/Operations responsible person,Yes,No,92.46792721340155,1,1,1,0
