Threshold,Precision,Recall,F1_Score,ROC_AUC,True_Negatives,False_Positives,False_Negatives,True_Positives,Total_Cost,Cost_per_Observation
0.01,0.13800424628450106,0.975,0.24178549287042778,0.9855205508474576,10582,1218,5,195,14680,1.2233333333333334
0.02,0.1884765625,0.965,0.315359477124183,0.9855205508474576,10969,831,7,193,11810,0.9841666666666666
0.03,0.20797413793103448,0.965,0.3421985815602837,0.9855205508474576,11065,735,7,193,10850,0.9041666666666667
0.04,0.24552429667519182,0.96,0.3910386965376782,0.9855205508474576,11210,590,8,192,9900,0.825
0.05,0.26629680998613037,0.96,0.4169381107491857,0.9855205508474576,11271,529,8,192,9290,0.7741666666666667
0.06,0.29493087557603687,0.96,0.4512338425381904,0.9855205508474576,11341,459,8,192,8590,0.7158333333333333
0.07,0.30236220472440944,0.96,0.4598802395209581,0.9855205508474576,11357,443,8,192,8430,0.7025
0.08,0.32593856655290104,0.955,0.4860050890585242,0.9855205508474576,11405,395,9,191,8450,0.7041666666666667
0.09,0.3350877192982456,0.955,0.4961038961038961,0.9855205508474576,11421,379,9,191,8290,0.6908333333333333
0.1,0.35110294117647056,0.955,0.5134408602150538,0.9855205508474576,11447,353,9,191,8030,0.6691666666666667
0.11,0.35714285714285715,0.95,0.5191256830601093,0.9855205508474576,11458,342,10,190,8420,0.7016666666666667
0.12,0.37675350701402804,0.94,0.5379113018597997,0.9855205508474576,11489,311,12,188,9110,0.7591666666666667
0.13,0.3900414937759336,0.94,0.5513196480938416,0.9855205508474576,11506,294,12,188,8940,0.745
0.14,0.4358974358974359,0.935,0.5945945945945946,0.9855205508474576,11558,242,13,187,8920,0.7433333333333333
0.15,0.4410377358490566,0.935,0.5993589743589743,0.9855205508474576,11563,237,13,187,8870,0.7391666666666666
0.16,0.4613466334164589,0.925,0.6156405990016639,0.9855205508474576,11584,216,15,185,9660,0.805
0.17,0.46835443037974683,0.925,0.6218487394957983,0.9855205508474576,11590,210,15,185,9600,0.8
0.18,0.48812664907651715,0.925,0.6390328151986183,0.9855205508474576,11606,194,15,185,9440,0.7866666666666666
0.19,0.5,0.92,0.647887323943662,0.9855205508474576,11616,184,16,184,9840,0.82
0.2,0.5246376811594203,0.905,0.6642201834862386,0.9855205508474576,11636,164,19,181,11140,0.9283333333333333
0.21,0.5373134328358209,0.9,0.6728971962616822,0.9855205508474576,11645,155,20,180,11550,0.9625
0.22,0.5660377358490566,0.9,0.694980694980695,0.9855205508474576,11662,138,20,180,11380,0.9483333333333334
0.23,0.5737179487179487,0.895,0.69921875,0.9855205508474576,11667,133,21,179,11830,0.9858333333333333
0.24,0.5886287625418061,0.88,0.7054108216432866,0.9855205508474576,11677,123,24,176,13230,1.1025
0.25,0.6006825938566553,0.88,0.7139959432048681,0.9855205508474576,11683,117,24,176,13170,1.0975
0.26,0.6200716845878136,0.865,0.7223382045929019,0.9855205508474576,11694,106,27,173,14560,1.2133333333333334
0.27,0.6195652173913043,0.855,0.7184873949579832,0.9855205508474576,11695,105,29,171,15550,1.2958333333333334
0.28,0.6367041198501873,0.85,0.728051391862955,0.9855205508474576,11703,97,30,170,15970,1.3308333333333333
0.29,0.6398467432950191,0.835,0.7245119305856833,0.9855205508474576,11706,94,33,167,17440,1.4533333333333334
0.3,0.6472868217054264,0.835,0.7292576419213974,0.9855205508474576,11709,91,33,167,17410,1.4508333333333334
0.31,0.65748031496063,0.835,0.73568281938326,0.9855205508474576,11713,87,33,167,17370,1.4475
0.32,0.6653061224489796,0.815,0.7325842696629213,0.9855205508474576,11718,82,37,163,19320,1.61
0.33,0.6736401673640168,0.805,0.7334851936218679,0.9855205508474576,11722,78,39,161,20280,1.69
0.34,0.6943231441048034,0.795,0.7412587412587412,0.9855205508474576,11730,70,41,159,21200,1.7666666666666666
0.35,0.7085201793721974,0.79,0.7470449172576832,0.9855205508474576,11735,65,42,158,21650,1.8041666666666667
0.36,0.7155963302752294,0.78,0.7464114832535885,0.9855205508474576,11738,62,44,156,22620,1.885
0.37,0.7203791469194313,0.76,0.7396593673965937,0.9855205508474576,11741,59,48,152,24590,2.049166666666667
0.38,0.7277227722772277,0.735,0.7313432835820896,0.9855205508474576,11745,55,53,147,27050,2.254166666666667
0.39,0.7448979591836735,0.73,0.7373737373737373,0.9855205508474576,11750,50,54,146,27500,2.2916666666666665
0.4,0.7422680412371134,0.72,0.7309644670050761,0.9855205508474576,11750,50,56,144,28500,2.375
0.41,0.7513227513227513,0.71,0.7300771208226221,0.9855205508474576,11753,47,58,142,29470,2.4558333333333335
0.42,0.7582417582417582,0.69,0.7225130890052356,0.9855205508474576,11756,44,62,138,31440,2.62
0.43,0.7740112994350282,0.685,0.726790450928382,0.9855205508474576,11760,40,63,137,31900,2.658333333333333
0.44,0.7861271676300579,0.68,0.7292225201072386,0.9855205508474576,11763,37,64,136,32370,2.6975
0.45,0.7904191616766467,0.66,0.7193460490463215,0.9855205508474576,11765,35,68,132,34350,2.8625
0.46,0.793939393939394,0.655,0.7178082191780822,0.9855205508474576,11766,34,69,131,34840,2.9033333333333333
0.47,0.8152866242038217,0.64,0.7170868347338936,0.9855205508474576,11771,29,72,128,36290,3.0241666666666664
0.48,0.8235294117647058,0.63,0.7138810198300283,0.9855205508474576,11773,27,74,126,37270,3.1058333333333334
0.49,0.8333333333333334,0.625,0.7142857142857143,0.9855205508474576,11775,25,75,125,37750,3.1458333333333335
0.5,0.8445945945945946,0.625,0.7183908045977011,0.9855205508474576,11777,23,75,125,37730,3.1441666666666666
0.51,0.8413793103448276,0.61,0.7072463768115942,0.9855205508474576,11777,23,78,122,39230,3.2691666666666666
0.52,0.855072463768116,0.59,0.6982248520710059,0.9855205508474576,11780,20,82,118,41200,3.433333333333333
0.53,0.8656716417910447,0.58,0.6946107784431138,0.9855205508474576,11782,18,84,116,42180,3.515
0.54,0.8702290076335878,0.57,0.6888217522658611,0.9855205508474576,11783,17,86,114,43170,3.5975
0.55,0.88,0.55,0.676923076923077,0.9855205508474576,11785,15,90,110,45150,3.7625
0.56,0.8934426229508197,0.545,0.6770186335403726,0.9855205508474576,11787,13,91,109,45630,3.8025
0.57,0.8916666666666667,0.535,0.66875,0.9855205508474576,11787,13,93,107,46630,3.8858333333333333
0.58,0.9067796610169492,0.535,0.6729559748427673,0.9855205508474576,11789,11,93,107,46610,3.8841666666666668
0.59,0.9130434782608695,0.525,0.6666666666666666,0.9855205508474576,11790,10,95,105,47600,3.966666666666667
0.6,0.911504424778761,0.515,0.65814696485623,0.9855205508474576,11790,10,97,103,48600,4.05
0.61,0.9252336448598131,0.495,0.6449511400651465,0.9855205508474576,11792,8,101,99,50580,4.215
0.62,0.9238095238095239,0.485,0.6360655737704918,0.9855205508474576,11792,8,103,97,51580,4.298333333333333
0.63,0.9313725490196079,0.475,0.6291390728476821,0.9855205508474576,11793,7,105,95,52570,4.380833333333333
0.64,0.9292929292929293,0.46,0.6153846153846154,0.9855205508474576,11793,7,108,92,54070,4.505833333333333
0.65,0.9278350515463918,0.45,0.6060606060606061,0.9855205508474576,11793,7,110,90,55070,4.589166666666666
0.66,0.9354838709677419,0.435,0.5938566552901023,0.9855205508474576,11794,6,113,87,56560,4.713333333333333
0.67,0.9325842696629213,0.415,0.5743944636678201,0.9855205508474576,11794,6,117,83,58560,4.88
0.68,0.9512195121951219,0.39,0.5531914893617021,0.9855205508474576,11796,4,122,78,61040,5.086666666666667
0.69,0.9493670886075949,0.375,0.5376344086021505,0.9855205508474576,11796,4,125,75,62540,5.211666666666667
0.7,0.958904109589041,0.35,0.5128205128205128,0.9855205508474576,11797,3,130,70,65030,5.4191666666666665
0.71,0.9565217391304348,0.33,0.49070631970260226,0.9855205508474576,11797,3,134,66,67030,5.585833333333333
0.72,0.953125,0.305,0.4621212121212121,0.9855205508474576,11797,3,139,61,69530,5.7941666666666665
0.73,0.9516129032258065,0.295,0.45038167938931295,0.9855205508474576,11797,3,141,59,70530,5.8775
0.74,0.9661016949152542,0.285,0.44015444015444016,0.9855205508474576,11798,2,143,57,71520,5.96
0.75,0.9821428571428571,0.275,0.4296875,0.9855205508474576,11799,1,145,55,72510,6.0425
0.76,0.9821428571428571,0.275,0.4296875,0.9855205508474576,11799,1,145,55,72510,6.0425
0.77,1.0,0.27,0.4251968503937008,0.9855205508474576,11800,0,146,54,73000,6.083333333333333
0.78,1.0,0.26,0.4126984126984127,0.9855205508474576,11800,0,148,52,74000,6.166666666666667
0.79,1.0,0.24,0.3870967741935484,0.9855205508474576,11800,0,152,48,76000,6.333333333333333
0.8,1.0,0.23,0.37398373983739835,0.9855205508474576,11800,0,154,46,77000,6.416666666666667
0.81,1.0,0.22,0.36065573770491804,0.9855205508474576,11800,0,156,44,78000,6.5
0.82,1.0,0.215,0.35390946502057613,0.9855205508474576,11800,0,157,43,78500,6.541666666666667
0.83,1.0,0.21,0.34710743801652894,0.9855205508474576,11800,0,158,42,79000,6.583333333333333
0.84,1.0,0.19,0.31932773109243695,0.9855205508474576,11800,0,162,38,81000,6.75
0.85,1.0,0.175,0.2978723404255319,0.9855205508474576,11800,0,165,35,82500,6.875
0.86,1.0,0.15,0.2608695652173913,0.9855205508474576,11800,0,170,30,85000,7.083333333333333
0.87,1.0,0.14,0.24561403508771928,0.9855205508474576,11800,0,172,28,86000,7.166666666666667
0.88,1.0,0.13,0.23008849557522124,0.9855205508474576,11800,0,174,26,87000,7.25
0.89,1.0,0.12,0.21428571428571427,0.9855205508474576,11800,0,176,24,88000,7.333333333333333
0.9,1.0,0.105,0.19004524886877827,0.9855205508474576,11800,0,179,21,89500,7.458333333333333
0.91,1.0,0.09,0.1651376146788991,0.9855205508474576,11800,0,182,18,91000,7.583333333333333
0.92,1.0,0.07,0.1308411214953271,0.9855205508474576,11800,0,186,14,93000,7.75
0.93,1.0,0.06,0.11320754716981132,0.9855205508474576,11800,0,188,12,94000,7.833333333333333
0.94,1.0,0.035,0.06763285024154589,0.9855205508474576,11800,0,193,7,96500,8.041666666666666
0.95,1.0,0.03,0.05825242718446602,0.9855205508474576,11800,0,194,6,97000,8.083333333333334
0.96,1.0,0.015,0.029556650246305417,0.9855205508474576,11800,0,197,3,98500,8.208333333333334
0.97,1.0,0.015,0.029556650246305417,0.9855205508474576,11800,0,197,3,98500,8.208333333333334
0.98,1.0,0.01,0.019801980198019802,0.9855205508474576,11800,0,198,2,99000,8.25
0.99,1.0,0.01,0.019801980198019802,0.9855205508474576,11800,0,198,2,99000,8.25
